Timestamp,Prediction,Probability
2025-04-17 12:49:12,Tomat Masih Segar,0.8113
2025-04-17 12:49:12,Tomat Masih Segar,0.8959
2025-04-17 12:49:12,Tomat Masih Segar,0.6978
2025-04-17 12:49:12,Tomat Sudah Membusuk,0.9619
2025-04-17 12:49:13,Tomat Sudah Membusuk,0.9437
2025-04-17 12:49:13,Tomat Masih Segar,0.8888
2025-04-17 12:49:13,Tomat Masih Segar,0.9074
2025-04-17 12:49:13,Tomat Masih Segar,0.8715
2025-04-17 12:49:13,Tomat Masih Segar,0.7850
2025-04-17 12:49:14,Tomat Masih Segar,0.9094
2025-04-17 12:49:14,Tomat Masih Segar,0.8957
2025-04-17 12:49:14,Tomat Masih Segar,0.9071
2025-04-17 12:49:14,Tomat Masih Segar,0.9204
2025-04-17 12:49:14,Tomat Masih Segar,0.9066
2025-04-17 12:49:15,Tomat Masih Segar,0.8920
2025-04-17 12:49:15,Tomat Masih Segar,0.9255
2025-04-17 12:49:15,Tomat Sudah Membusuk,0.9401
2025-04-17 12:49:15,Tomat Masih Segar,0.8990
2025-04-17 12:49:15,Tomat Masih Segar,0.6736
2025-04-17 12:49:16,Tomat Masih Segar,0.8733
2025-04-17 12:49:16,Tomat Masih Segar,0.7197
2025-04-17 12:49:16,Tomat Masih Segar,0.5544
2025-04-17 12:49:16,Tomat Masih Segar,0.5972
2025-04-17 12:49:17,Tomat Masih Segar,0.8636
2025-04-17 12:49:17,Tomat Masih Segar,0.5269
2025-04-17 12:49:17,Tomat Masih Segar,0.6294
2025-04-17 12:49:17,Tomat Masih Segar,0.5707
2025-04-17 12:49:17,Tomat Masih Segar,0.8232
2025-04-17 12:49:18,Tomat Masih Segar,0.7991
2025-04-17 12:49:18,Tomat Masih Segar,0.8015
2025-04-17 12:49:18,Tomat Masih Segar,0.8441
2025-04-17 12:49:18,Tomat Masih Segar,0.7459
2025-04-17 12:49:18,Tomat Masih Segar,0.8624
2025-04-17 12:49:19,Tomat Masih Segar,0.8779
2025-04-17 12:49:19,Tomat Sudah Membusuk,0.9681
2025-04-17 12:49:19,Tomat Masih Segar,0.7994
2025-04-17 12:49:19,Tomat Masih Segar,0.7675
2025-04-17 12:49:20,Tomat Masih Segar,0.8544
2025-04-17 12:49:20,Tomat Masih Segar,0.7879
2025-04-17 12:49:20,Tomat Masih Segar,0.8979
2025-04-17 12:49:20,Tomat Masih Segar,0.8212
2025-04-17 12:49:20,Tomat Masih Segar,0.8328
2025-04-17 12:49:21,Tomat Masih Segar,0.7360
2025-04-17 12:49:21,Tomat Masih Segar,0.7645
2025-04-17 12:49:21,Tomat Masih Segar,0.8842
2025-04-17 12:49:21,Tomat Masih Segar,0.8190
2025-04-17 12:49:21,Tomat Masih Segar,0.6232
2025-04-17 12:49:22,Tomat Masih Segar,0.6735
2025-04-17 12:49:22,Tomat Masih Segar,0.8653
2025-04-17 12:49:22,Tomat Masih Segar,0.8304
2025-04-17 12:49:22,Tomat Masih Segar,0.7803
2025-04-17 12:49:22,Tomat Masih Segar,0.6696
2025-04-17 12:49:23,Tomat Masih Segar,0.6876
2025-04-17 12:49:23,Tomat Masih Segar,0.7170
2025-04-17 12:49:23,Tomat Masih Segar,0.6137
2025-04-17 12:49:23,Tomat Masih Segar,0.6060
2025-04-17 12:49:24,Tomat Masih Segar,0.8863
2025-04-17 12:49:24,Tomat Masih Segar,0.7484
2025-04-17 12:49:24,Tomat Masih Segar,0.9075
2025-04-17 12:49:24,Tomat Masih Segar,0.8805
2025-04-17 12:49:24,Tomat Masih Segar,0.8697
2025-04-17 12:49:25,Tomat Masih Segar,0.9052
2025-04-17 12:49:25,Tomat Masih Segar,0.8626
2025-04-17 12:49:25,Tomat Masih Segar,0.9151
2025-04-17 12:49:25,Tomat Masih Segar,0.6264
2025-04-17 12:49:25,Tomat Masih Segar,0.7638
2025-04-17 12:49:26,Tomat Masih Segar,0.8943
2025-04-17 12:49:26,Tomat Masih Segar,0.8974
2025-04-17 12:49:26,Tomat Masih Segar,0.8666
2025-04-17 12:49:26,Tomat Sudah Membusuk,0.9702
2025-04-17 12:49:26,Tomat Sudah Membusuk,0.9677
2025-04-17 12:49:27,Tomat Sudah Membusuk,0.9509
2025-04-17 12:49:27,Tomat Sudah Membusuk,0.9919
2025-04-17 12:49:27,Tomat Sudah Membusuk,0.9985
2025-04-17 12:49:27,Tomat Sudah Membusuk,0.9834
2025-04-17 12:49:27,Tomat Sudah Membusuk,0.9959
2025-04-17 12:49:28,Tomat Sudah Membusuk,0.9826
2025-04-17 12:49:28,Tomat Sudah Membusuk,0.9443
2025-04-17 12:49:28,Tomat Sudah Membusuk,0.9967
2025-04-17 12:49:28,Tomat Sudah Membusuk,0.9822
2025-04-17 12:49:29,Tomat Sudah Membusuk,0.9904
2025-04-17 12:49:29,Tomat Sudah Membusuk,0.9978
2025-04-17 12:49:29,Tomat Sudah Membusuk,0.9929
2025-04-17 12:49:29,Tomat Masih Segar,0.9383
2025-04-17 12:49:29,Tomat Masih Segar,0.7842
2025-04-17 12:49:30,Tomat Masih Segar,0.9179
2025-04-17 12:49:30,Tomat Masih Segar,0.6484
2025-04-17 12:49:30,Tomat Masih Segar,0.6469
2025-04-17 12:49:30,Tomat Masih Segar,0.9318
2025-04-17 12:49:31,Tomat Masih Segar,0.7752
2025-04-17 12:49:31,Tomat Masih Segar,0.8167
2025-04-17 12:49:31,Tomat Masih Segar,0.8453
2025-04-17 12:49:31,Tomat Masih Segar,0.7086
2025-04-17 12:49:31,Tomat Masih Segar,0.7755
2025-04-17 12:49:32,Tomat Masih Segar,0.6585
2025-04-17 12:49:32,Tomat Masih Segar,0.7498
2025-04-17 12:49:32,Tomat Masih Segar,0.7713
2025-04-17 12:49:32,Tomat Masih Segar,0.7211
2025-04-17 12:49:32,Tomat Masih Segar,0.8069
2025-04-17 12:49:33,Tomat Masih Segar,0.7278
2025-04-17 12:49:33,Tomat Masih Segar,0.7050
2025-04-17 12:49:33,Tomat Masih Segar,0.8053
2025-04-17 12:49:33,Tomat Masih Segar,0.7706
2025-04-17 12:49:33,Tomat Masih Segar,0.7883
2025-04-17 12:49:34,Tomat Masih Segar,0.8998
2025-04-17 12:49:34,Tomat Masih Segar,0.6408
2025-04-17 12:49:34,Tomat Masih Segar,0.8391
2025-04-17 12:49:34,Tomat Masih Segar,0.6678
2025-04-17 12:49:34,Tomat Masih Segar,0.8868
2025-04-17 12:49:35,Tomat Masih Segar,0.8391
2025-04-17 12:49:35,Tomat Masih Segar,0.8404
2025-04-17 12:49:35,Tomat Masih Segar,0.6938
2025-04-17 12:49:35,Tomat Masih Segar,0.7558
2025-04-17 12:49:35,Tomat Masih Segar,0.8900
2025-04-17 12:49:36,Tomat Masih Segar,0.7505
2025-04-17 12:49:36,Tomat Masih Segar,0.8637
2025-04-17 12:49:36,Tomat Masih Segar,0.8589
2025-04-17 12:49:36,Tomat Masih Segar,0.9150
2025-04-17 12:49:36,Tomat Masih Segar,0.7695
2025-04-17 12:49:37,Tomat Masih Segar,0.8604
2025-04-17 12:49:37,Tomat Masih Segar,0.8215
2025-04-17 12:49:37,Tomat Masih Segar,0.8700
2025-04-17 12:49:37,Tomat Masih Segar,0.8006
2025-04-17 12:49:37,Tomat Masih Segar,0.8315
2025-04-17 12:49:38,Tomat Masih Segar,0.8326
2025-04-17 12:49:38,Tomat Masih Segar,0.6886
2025-04-17 12:49:38,Tomat Masih Segar,0.7653
2025-04-17 12:49:38,Tomat Masih Segar,0.7995
2025-04-17 12:49:38,Tomat Masih Segar,0.9350
2025-04-17 12:49:39,Tomat Masih Segar,0.8702
2025-04-17 12:49:39,Tomat Masih Segar,0.8754
2025-04-17 12:49:39,Tomat Masih Segar,0.7078
2025-04-17 12:49:39,Tomat Masih Segar,0.7219
2025-04-17 12:49:40,Tomat Masih Segar,0.6470
2025-04-17 12:49:40,Tomat Masih Segar,0.6956
2025-04-17 12:49:40,Tomat Masih Segar,0.8121
2025-04-17 12:49:40,Tomat Masih Segar,0.6558
2025-04-17 12:49:40,Tomat Masih Segar,0.6710
2025-04-17 12:49:41,Tomat Masih Segar,0.7025
2025-04-17 12:49:41,Tomat Masih Segar,0.9289
2025-04-17 12:49:41,Tomat Sudah Membusuk,0.9642
2025-04-17 12:49:41,Tomat Sudah Membusuk,0.9441
2025-04-17 12:49:41,Tomat Masih Segar,0.9177
2025-04-17 12:49:42,Tomat Masih Segar,0.9259
2025-04-17 12:49:42,Tomat Masih Segar,0.8807
2025-04-17 12:49:42,Tomat Masih Segar,0.9202
2025-04-17 12:49:42,Tomat Masih Segar,0.8759
2025-04-17 12:49:43,Tomat Masih Segar,0.9250
2025-04-17 12:49:43,Tomat Masih Segar,0.9331
2025-04-17 12:49:43,Tomat Masih Segar,0.8846
2025-04-17 12:49:43,Tomat Masih Segar,0.9211
2025-04-17 12:49:43,Tomat Sudah Membusuk,0.9492
2025-04-17 12:49:44,Tomat Masih Segar,0.8955
2025-04-17 12:49:44,Tomat Masih Segar,0.9345
2025-04-17 12:49:44,Tomat Masih Segar,0.9341
2025-04-17 12:49:44,Tomat Masih Segar,0.8415
2025-04-17 12:49:44,Tomat Masih Segar,0.7921
2025-04-17 12:49:45,Tomat Masih Segar,0.8214
2025-04-17 12:49:45,Tomat Masih Segar,0.8671
2025-04-17 12:49:45,Tomat Masih Segar,0.8673
2025-04-17 12:49:45,Tomat Masih Segar,0.8939
2025-04-17 12:49:45,Tomat Masih Segar,0.9188
2025-04-17 12:49:46,Tomat Masih Segar,0.8904
2025-04-17 12:49:46,Tomat Masih Segar,0.7228
2025-04-17 12:49:46,Tomat Masih Segar,0.8279
2025-04-17 12:49:46,Tomat Masih Segar,0.8882
2025-04-17 12:49:46,Tomat Masih Segar,0.8865
2025-04-17 12:49:47,Tomat Masih Segar,0.8591
2025-04-17 12:49:47,Tomat Masih Segar,0.8633
2025-04-17 12:49:47,Tomat Masih Segar,0.6812
2025-04-17 12:49:47,Tomat Masih Segar,0.9221
2025-04-17 12:49:48,Tomat Masih Segar,0.9122
2025-04-17 12:49:48,Tomat Masih Segar,0.9057
2025-04-17 12:49:48,Tomat Masih Segar,0.7964
2025-04-17 12:49:48,Tomat Masih Segar,0.6557
2025-04-17 12:49:48,Tomat Masih Segar,0.6518
2025-04-17 12:49:49,Tomat Masih Segar,0.4852
2025-04-17 12:49:49,Tomat Masih Segar,0.6438
2025-04-17 12:49:49,Tomat Masih Segar,0.5675
2025-04-17 12:49:49,Tomat Masih Segar,0.8437
2025-04-17 12:49:50,Tomat Masih Segar,0.8562
2025-04-17 12:49:50,Tomat Masih Segar,0.4682
2025-04-17 12:49:50,Tomat Masih Segar,0.4877
2025-04-17 12:49:50,Tomat Masih Segar,0.4536
2025-04-17 12:49:50,Tomat Masih Segar,0.7847
2025-04-17 12:49:51,Tomat Masih Segar,0.8579
2025-04-17 12:49:51,Tomat Masih Segar,0.7987
2025-04-17 12:49:51,Tomat Masih Segar,0.7987
2025-04-17 12:49:51,Tomat Masih Segar,0.8104
2025-04-17 12:49:51,Tomat Masih Segar,0.8636
2025-04-17 12:49:52,Tomat Masih Segar,0.8400
2025-04-17 12:49:52,Tomat Masih Segar,0.8598
2025-04-17 12:49:52,Tomat Masih Segar,0.8479
2025-04-17 12:49:52,Tomat Masih Segar,0.8766
2025-04-17 12:49:53,Tomat Masih Segar,0.8109
2025-04-17 12:49:53,Tomat Masih Segar,0.6434
2025-04-17 12:49:53,Tomat Masih Segar,0.7130
2025-04-17 12:49:53,Tomat Masih Segar,0.7948
2025-04-17 12:49:53,Tomat Masih Segar,0.7637
2025-04-17 12:49:54,Tomat Masih Segar,0.7026
2025-04-17 12:49:54,Tomat Masih Segar,0.7881
2025-04-17 12:49:54,Tomat Masih Segar,0.6990
2025-04-17 12:49:54,Tomat Masih Segar,0.8364
2025-04-17 12:49:54,Tomat Masih Segar,0.8584
2025-04-17 12:49:55,Tomat Masih Segar,0.8693
2025-04-17 12:49:55,Tomat Masih Segar,0.7783
2025-04-17 12:49:55,Tomat Masih Segar,0.6204
2025-04-17 12:49:55,Tomat Masih Segar,0.9160
2025-04-17 12:49:55,Tomat Masih Segar,0.8299
2025-04-17 12:49:56,Tomat Sudah Membusuk,0.9591
2025-04-17 12:49:56,Tomat Sudah Membusuk,0.9538
2025-04-17 12:49:56,Tomat Masih Segar,0.8971
2025-04-17 12:49:56,Tomat Masih Segar,0.5815
2025-04-17 12:49:57,Tomat Masih Segar,0.3788
2025-04-17 12:49:57,Tomat Masih Segar,0.3729
2025-04-17 12:49:57,Tomat Masih Segar,0.5265
2025-04-17 12:49:57,Tomat Masih Segar,0.3674
2025-04-17 12:49:57,Tomat Masih Segar,0.6858
2025-04-17 12:49:58,Tomat Masih Segar,0.9092
2025-04-17 12:49:58,Tomat Masih Segar,0.7578
2025-04-17 12:49:58,Tomat Masih Segar,0.7418
2025-04-17 12:49:58,Tomat Masih Segar,0.7244
2025-04-17 12:49:59,Tomat Masih Segar,0.8478
2025-04-17 12:49:59,Tomat Masih Segar,0.6667
2025-04-17 12:49:59,Tomat Masih Segar,0.7221
2025-04-17 12:50:00,Tomat Masih Segar,0.7496
2025-04-17 12:50:00,Tomat Masih Segar,0.9161
2025-04-17 12:50:00,Tomat Masih Segar,0.8989
2025-04-17 12:50:00,Tomat Masih Segar,0.9188
2025-04-17 12:50:00,Tomat Masih Segar,0.9031
2025-04-17 12:50:01,Tomat Masih Segar,0.9399
2025-04-17 12:50:01,Tomat Masih Segar,0.8453
2025-04-17 12:50:01,Tomat Masih Segar,0.4897
2025-04-17 12:50:01,Tomat Masih Segar,0.5418
2025-04-17 12:50:01,Tomat Masih Segar,0.5590
2025-04-17 12:50:02,Tomat Masih Segar,0.5305
2025-04-17 12:50:02,Tomat Masih Segar,0.6282
2025-04-17 12:50:02,Tomat Masih Segar,0.5249
2025-04-17 12:50:02,Tomat Masih Segar,0.5957
2025-04-17 12:50:02,Tomat Masih Segar,0.6923
2025-04-17 12:50:03,Tomat Masih Segar,0.8492
2025-04-17 12:50:03,Tomat Masih Segar,0.6068
2025-04-17 12:50:03,Tomat Masih Segar,0.4492
2025-04-17 12:50:03,Tomat Masih Segar,0.7537
2025-04-17 12:50:03,Tomat Masih Segar,0.6053
2025-04-17 12:50:04,Tomat Masih Segar,0.6820
2025-04-17 12:50:04,Tomat Masih Segar,0.6175
2025-04-17 12:50:04,Tomat Masih Segar,0.6774
2025-04-17 12:50:04,Tomat Masih Segar,0.7165
2025-04-17 12:50:05,Tomat Masih Segar,0.8320
2025-04-17 12:50:05,Tomat Masih Segar,0.7426
2025-04-17 12:50:05,Tomat Masih Segar,0.7028
2025-04-17 12:50:05,Tomat Masih Segar,0.7268
2025-04-17 12:50:05,Tomat Masih Segar,0.9141
2025-04-17 12:50:06,Tomat Masih Segar,0.8116
2025-04-17 12:50:06,Tomat Masih Segar,0.7112
2025-04-17 12:50:06,Tomat Masih Segar,0.6681
2025-04-17 12:50:06,Tomat Masih Segar,0.7864
2025-04-17 12:50:06,Tomat Masih Segar,0.7453
2025-04-17 12:50:07,Tomat Masih Segar,0.8484
2025-04-17 12:50:07,Tomat Masih Segar,0.7614
2025-04-17 12:50:07,Tomat Masih Segar,0.6519
2025-04-17 12:50:07,Tomat Masih Segar,0.5000
2025-04-17 12:50:08,Tomat Masih Segar,0.5429
2025-04-17 12:50:08,Tomat Masih Segar,0.5956
2025-04-17 12:50:08,Tomat Masih Segar,0.2440
2025-04-17 12:50:08,Tomat Masih Segar,0.2493
2025-04-17 12:50:08,Tomat Masih Segar,0.4132
2025-04-17 12:50:09,Tomat Masih Segar,0.5446
2025-04-17 12:50:09,Tomat Masih Segar,0.5099
2025-04-17 12:50:09,Tomat Masih Segar,0.5728
2025-04-17 12:50:09,Tomat Masih Segar,0.5458
2025-04-17 12:50:09,Tomat Masih Segar,0.7496
2025-04-17 12:50:10,Tomat Masih Segar,0.5029
2025-04-17 12:50:10,Tomat Masih Segar,0.5175
2025-04-17 12:50:10,Tomat Masih Segar,0.5653
2025-04-17 12:50:10,Tomat Masih Segar,0.5427
2025-04-17 12:50:10,Tomat Masih Segar,0.5022
2025-04-17 12:50:11,Tomat Masih Segar,0.6331
2025-04-17 12:50:11,Tomat Masih Segar,0.2500
2025-04-17 12:50:11,Tomat Masih Segar,0.7056
2025-04-17 12:50:12,Tomat Masih Segar,0.6819
2025-04-17 12:50:12,Tomat Masih Segar,0.6455
2025-04-17 12:50:12,Tomat Masih Segar,0.6320
2025-04-17 12:50:12,Tomat Masih Segar,0.5655
2025-04-17 12:50:13,Tomat Masih Segar,0.6534
2025-04-17 12:50:13,Tomat Masih Segar,0.6599
2025-04-17 12:50:13,Tomat Masih Segar,0.6383
2025-04-17 12:50:13,Tomat Masih Segar,0.3460
2025-04-17 12:50:14,Tomat Masih Segar,0.3759
2025-04-17 12:50:14,Tomat Masih Segar,0.3542
2025-04-17 12:50:14,Tomat Masih Segar,0.4308
2025-04-17 12:50:14,Tomat Masih Segar,0.6236
2025-04-17 12:50:14,Tomat Masih Segar,0.6079
2025-04-17 12:50:14,Tomat Masih Segar,0.7607
2025-04-17 12:50:15,Tomat Masih Segar,0.7995
2025-04-17 12:50:15,Tomat Masih Segar,0.7780
2025-04-17 12:50:15,Tomat Masih Segar,0.7068
2025-04-17 12:50:15,Tomat Masih Segar,0.5513
2025-04-17 12:50:16,Tomat Masih Segar,0.8514
2025-04-17 12:50:16,Tomat Masih Segar,0.8441
2025-04-17 12:50:16,Tomat Masih Segar,0.8425
2025-04-17 12:50:16,Tomat Masih Segar,0.9192
2025-04-17 12:50:16,Tomat Masih Segar,0.8574
2025-04-17 12:50:17,Tomat Masih Segar,0.7036
2025-04-17 12:50:17,Tomat Masih Segar,0.8179
2025-04-17 12:50:17,Tomat Masih Segar,0.8838
2025-04-17 12:50:17,Tomat Masih Segar,0.8256
2025-04-17 12:50:18,Tomat Masih Segar,0.8431
2025-04-17 12:50:18,Tomat Masih Segar,0.8427
2025-04-17 12:50:18,Tomat Masih Segar,0.7234
2025-04-17 12:50:18,Tomat Masih Segar,0.8394
2025-04-17 12:50:19,Tomat Masih Segar,0.8860
2025-04-17 12:50:19,Tomat Masih Segar,0.9160
2025-04-17 12:50:19,Tomat Sudah Membusuk,0.9502
2025-04-17 12:50:20,Tomat Masih Segar,0.7808
2025-04-17 12:50:20,Tomat Masih Segar,0.8270
2025-04-17 12:50:20,Tomat Masih Segar,0.8624
2025-04-17 12:50:20,Tomat Masih Segar,0.8211
2025-04-17 12:50:20,Tomat Masih Segar,0.8630
2025-04-17 12:50:21,Tomat Masih Segar,0.7951
2025-04-17 12:50:21,Tomat Masih Segar,0.7349
2025-04-17 12:50:21,Tomat Masih Segar,0.8054
2025-04-17 12:50:21,Tomat Masih Segar,0.8401
2025-04-17 12:50:21,Tomat Masih Segar,0.8912
2025-04-17 12:50:22,Tomat Masih Segar,0.7616
2025-04-17 12:50:22,Tomat Masih Segar,0.8169
2025-04-17 12:50:22,Tomat Masih Segar,0.8026
2025-04-17 12:50:22,Tomat Masih Segar,0.8191
2025-04-17 12:50:22,Tomat Masih Segar,0.8410
2025-04-17 12:50:23,Tomat Masih Segar,0.8282
2025-04-17 12:50:23,Tomat Masih Segar,0.8357
2025-04-17 12:50:23,Tomat Masih Segar,0.6551
2025-04-17 12:50:23,Tomat Masih Segar,0.7928
2025-04-17 12:50:24,Tomat Sudah Membusuk,0.9411
2025-04-17 12:50:24,Tomat Sudah Membusuk,0.9517
2025-04-17 12:50:24,Tomat Masih Segar,0.8190
2025-04-17 12:50:24,Tomat Masih Segar,0.8698
2025-04-17 12:50:25,Tomat Masih Segar,0.5605
2025-04-17 12:50:25,Tomat Masih Segar,0.8011
2025-04-17 12:50:25,Tomat Masih Segar,0.8211
2025-04-17 12:50:25,Tomat Masih Segar,0.9256
2025-04-17 12:50:25,Tomat Masih Segar,0.8212
2025-04-17 12:50:26,Tomat Masih Segar,0.6481
2025-04-17 12:50:26,Tomat Masih Segar,0.6831
2025-04-17 12:50:26,Tomat Masih Segar,0.8125
2025-04-17 12:50:26,Tomat Masih Segar,0.8035
2025-04-17 12:50:26,Tomat Sudah Membusuk,0.9492
2025-04-17 12:50:27,Tomat Masih Segar,0.7380
2025-04-17 12:50:27,Tomat Masih Segar,0.9364
2025-04-17 12:50:27,Tomat Masih Segar,0.6918
2025-04-17 12:50:28,Tomat Masih Segar,0.7476
2025-04-17 12:50:28,Tomat Masih Segar,0.7091
2025-04-17 12:50:28,Tomat Masih Segar,0.7447
2025-04-17 12:50:28,Tomat Masih Segar,0.8144
2025-04-17 12:50:29,Tomat Masih Segar,0.4682
2025-04-17 12:50:29,Tomat Masih Segar,0.8660
2025-04-17 12:50:29,Tomat Masih Segar,0.8449
2025-04-17 12:50:29,Tomat Masih Segar,0.8612
2025-04-17 12:50:29,Tomat Masih Segar,0.8347
2025-04-17 12:50:29,Tomat Masih Segar,0.7821
2025-04-17 12:50:30,Tomat Masih Segar,0.7846
2025-04-17 12:50:30,Tomat Sudah Membusuk,0.9431
2025-04-17 12:50:30,Tomat Masih Segar,0.8846
2025-04-17 12:50:30,Tomat Masih Segar,0.6218
2025-04-17 12:50:31,Tomat Masih Segar,0.8884
2025-04-17 12:50:31,Tomat Sudah Membusuk,0.9460
2025-04-17 12:50:31,Tomat Masih Segar,0.8746
2025-04-17 12:50:31,Tomat Masih Segar,0.8691
2025-04-17 12:50:32,Tomat Masih Segar,0.8305
2025-04-17 12:50:32,Tomat Masih Segar,0.8713
2025-04-17 12:50:32,Tomat Masih Segar,0.7754
2025-04-17 12:50:33,Tomat Masih Segar,0.8141
2025-04-17 12:50:33,Tomat Masih Segar,0.8134
2025-04-17 12:50:33,Tomat Masih Segar,0.8363
2025-04-17 12:50:33,Tomat Masih Segar,0.8604
2025-04-17 12:50:33,Tomat Masih Segar,0.8928
2025-04-17 12:50:34,Tomat Masih Segar,0.8990
2025-04-17 12:50:34,Tomat Masih Segar,0.4777
2025-04-17 12:50:34,Tomat Masih Segar,0.8087
2025-04-17 12:50:34,Tomat Masih Segar,0.4591
2025-04-17 12:50:34,Tomat Masih Segar,0.8004
2025-04-17 12:50:35,Tomat Masih Segar,0.8572
2025-04-17 12:50:35,Tomat Masih Segar,0.8279
2025-04-17 12:50:35,Tomat Masih Segar,0.8389
2025-04-17 12:50:36,Tomat Masih Segar,0.8325
2025-04-17 12:50:36,Tomat Masih Segar,0.5561
2025-04-17 12:50:36,Tomat Masih Segar,0.8803
2025-04-17 12:50:36,Tomat Masih Segar,0.8083
2025-04-17 12:50:36,Tomat Masih Segar,0.7750
2025-04-17 12:50:36,Tomat Masih Segar,0.3250
2025-04-17 12:50:37,Tomat Masih Segar,0.7060
2025-04-17 12:50:37,Tomat Masih Segar,0.8792
2025-04-17 12:50:37,Tomat Masih Segar,0.6111
2025-04-17 12:50:37,Tomat Masih Segar,0.8368
2025-04-17 12:50:37,Tomat Masih Segar,0.8766
2025-04-17 12:50:38,Tomat Masih Segar,0.9301
2025-04-17 12:50:38,Tomat Masih Segar,0.8721
2025-04-17 12:50:38,Tomat Masih Segar,0.2953
2025-04-17 12:50:38,Tomat Masih Segar,0.6495
2025-04-17 12:50:38,Tomat Masih Segar,0.9213
2025-04-17 12:50:39,Tomat Masih Segar,0.8612
2025-04-17 12:50:39,Tomat Masih Segar,0.6201
2025-04-17 12:50:39,Tomat Masih Segar,0.4985
2025-04-17 12:50:39,Tomat Masih Segar,0.7002
2025-04-17 12:50:40,Tomat Masih Segar,0.7083
2025-04-17 12:50:40,Tomat Masih Segar,0.8188
2025-04-17 12:50:40,Tomat Masih Segar,0.7790
2025-04-17 12:50:40,Tomat Masih Segar,0.7808
2025-04-17 12:50:40,Tomat Masih Segar,0.9010
2025-04-17 12:50:41,Tomat Masih Segar,0.8169
2025-04-17 12:50:41,Tomat Masih Segar,0.8518
2025-04-17 12:50:41,Tomat Masih Segar,0.7955
2025-04-17 12:50:41,Tomat Masih Segar,0.8013
2025-04-17 12:50:41,Tomat Masih Segar,0.8584
2025-04-17 12:50:42,Tomat Masih Segar,0.8348
2025-04-17 12:50:42,Tomat Masih Segar,0.7010
2025-04-17 12:50:42,Tomat Masih Segar,0.6824
2025-04-17 12:50:42,Tomat Masih Segar,0.8046
2025-04-17 12:50:42,Tomat Masih Segar,0.7766
2025-04-17 12:50:43,Tomat Masih Segar,0.8065
2025-04-17 12:50:43,Tomat Masih Segar,0.9258
2025-04-17 12:50:43,Tomat Masih Segar,0.8424
2025-04-17 12:50:43,Tomat Masih Segar,0.8310
2025-04-17 12:50:43,Tomat Masih Segar,0.7765
2025-04-17 12:50:44,Tomat Masih Segar,0.8489
2025-04-17 12:50:44,Tomat Masih Segar,0.9310
2025-04-17 12:50:44,Tomat Masih Segar,0.8372
2025-04-17 12:50:44,Tomat Masih Segar,0.8080
2025-04-17 12:50:45,Tomat Masih Segar,0.8239
2025-04-17 12:50:45,Tomat Masih Segar,0.8209
2025-04-17 12:50:45,Tomat Masih Segar,0.7556
2025-04-17 12:50:45,Tomat Masih Segar,0.8036
2025-04-17 12:50:45,Tomat Masih Segar,0.7439
2025-04-17 12:50:46,Tomat Masih Segar,0.7409
2025-04-17 12:50:46,Tomat Masih Segar,0.5718
2025-04-17 12:50:46,Tomat Masih Segar,0.4418
2025-04-17 12:50:46,Tomat Masih Segar,0.8034
2025-04-17 12:50:46,Tomat Masih Segar,0.7748
2025-04-17 12:50:47,Tomat Masih Segar,0.6572
2025-04-17 12:50:47,Tomat Masih Segar,0.3641
2025-04-17 12:50:47,Tomat Masih Segar,0.5716
2025-04-17 12:50:47,Tomat Masih Segar,0.5774
2025-04-17 12:50:47,Tomat Masih Segar,0.7506
2025-04-17 12:50:47,Tomat Masih Segar,0.6208
2025-04-17 12:50:48,Tomat Masih Segar,0.8380
2025-04-17 12:50:48,Tomat Masih Segar,0.4432
2025-04-17 12:50:48,Tomat Masih Segar,0.7902
2025-04-17 12:50:48,Tomat Masih Segar,0.5931
2025-04-17 12:50:49,Tomat Masih Segar,0.7024
2025-04-17 12:50:49,Tomat Masih Segar,0.7985
2025-04-17 12:50:49,Tomat Masih Segar,0.7134
2025-04-17 12:50:49,Tomat Masih Segar,0.8619
2025-04-17 12:50:49,Tomat Masih Segar,0.8590
2025-04-17 12:50:50,Tomat Masih Segar,0.7769
2025-04-17 12:50:50,Tomat Masih Segar,0.8368
2025-04-17 12:50:50,Tomat Masih Segar,0.8398
2025-04-17 12:50:51,Tomat Masih Segar,0.8867
2025-04-17 12:50:51,Tomat Masih Segar,0.8713
2025-04-17 12:50:52,Tomat Masih Segar,0.8981
2025-04-17 12:50:52,Tomat Masih Segar,0.7032
2025-04-17 12:50:52,Tomat Masih Segar,0.7832
2025-04-17 12:50:52,Tomat Masih Segar,0.8240
2025-04-17 12:50:53,Tomat Masih Segar,0.9218
2025-04-17 12:50:53,Tomat Masih Segar,0.8148
2025-04-17 12:50:54,Tomat Sudah Membusuk,0.9880
2025-04-17 12:50:54,Tomat Masih Segar,0.8555
2025-04-17 12:50:54,Tomat Masih Segar,0.8585
2025-04-17 12:50:54,Tomat Masih Segar,0.8624
2025-04-17 12:50:55,Tomat Masih Segar,0.8981
2025-04-17 12:50:55,Tomat Masih Segar,0.9008
2025-04-17 12:50:55,Tomat Masih Segar,0.8889
2025-04-17 12:50:56,Tomat Masih Segar,0.8548
2025-04-17 12:50:56,Tomat Masih Segar,0.9185
2025-04-17 12:50:56,Tomat Masih Segar,0.9325
2025-04-17 12:50:57,Tomat Masih Segar,0.9099
2025-04-17 12:50:57,Tomat Sudah Membusuk,0.9425
2025-04-17 12:50:57,Tomat Sudah Membusuk,0.9479
2025-04-17 12:50:57,Tomat Sudah Membusuk,0.9527
2025-04-17 12:50:58,Tomat Sudah Membusuk,0.9408
2025-04-17 12:50:58,Tomat Masih Segar,0.9320
2025-04-17 12:50:58,Tomat Masih Segar,0.8228
2025-04-17 12:50:59,Tomat Masih Segar,0.9352
2025-04-17 12:50:59,Tomat Masih Segar,0.7952
2025-04-17 12:50:59,Tomat Sudah Membusuk,0.9658
2025-04-17 12:51:00,Tomat Masih Segar,0.9290
2025-04-17 12:51:00,Tomat Masih Segar,0.6573
2025-04-17 12:51:01,Tomat Masih Segar,0.6974
2025-04-17 12:51:01,Tomat Masih Segar,0.7630
2025-04-17 12:51:02,Tomat Masih Segar,0.6918
2025-04-17 12:51:02,Tomat Masih Segar,0.8679
2025-04-17 12:51:03,Tomat Masih Segar,0.8689
2025-04-17 12:51:03,Tomat Masih Segar,0.7225
2025-04-17 12:51:03,Tomat Masih Segar,0.8042
2025-04-17 12:51:04,Tomat Masih Segar,0.4310
2025-04-17 12:51:04,Tomat Masih Segar,0.7998
2025-04-17 12:51:04,Tomat Masih Segar,0.8612
2025-04-17 12:51:05,Tomat Masih Segar,0.6326
2025-04-17 12:51:05,Tomat Masih Segar,0.7875
2025-04-17 12:51:05,Tomat Masih Segar,0.7240
2025-04-17 12:51:05,Tomat Masih Segar,0.7116
2025-04-17 12:51:06,Tomat Masih Segar,0.4782
2025-04-17 12:51:06,Tomat Masih Segar,0.6239
2025-04-17 12:51:06,Tomat Masih Segar,0.4732
2025-04-17 12:51:06,Tomat Masih Segar,0.7127
2025-04-17 12:51:07,Tomat Masih Segar,0.8365
2025-04-17 12:51:07,Tomat Masih Segar,0.8485
2025-04-17 12:51:07,Tomat Masih Segar,0.8163
2025-04-17 12:51:08,Tomat Sudah Membusuk,0.9462
2025-04-17 12:51:08,Tomat Sudah Membusuk,0.9724
2025-04-17 12:51:08,Tomat Sudah Membusuk,0.9793
2025-04-17 12:51:09,Tomat Masih Segar,0.9400
2025-04-17 12:51:09,Tomat Masih Segar,0.8009
2025-04-17 12:51:09,Tomat Masih Segar,0.5985
2025-04-17 12:51:10,Tomat Masih Segar,0.9372
2025-04-17 12:51:10,Tomat Masih Segar,0.8350
2025-04-17 12:51:11,Tomat Masih Segar,0.8864
2025-04-17 12:51:11,Tomat Masih Segar,0.9222
2025-04-17 12:51:12,Tomat Masih Segar,0.9268
2025-04-17 12:51:12,Tomat Masih Segar,0.8834
2025-04-17 12:51:12,Tomat Masih Segar,0.7512
2025-04-17 12:51:13,Tomat Masih Segar,0.9181
2025-04-17 12:51:13,Tomat Masih Segar,0.9112
2025-04-17 12:51:13,Tomat Masih Segar,0.8114
2025-04-17 12:51:14,Tomat Masih Segar,0.7171
2025-04-17 12:51:14,Tomat Masih Segar,0.9172
2025-04-17 12:51:14,Tomat Masih Segar,0.8177
2025-04-17 12:51:15,Tomat Masih Segar,0.6166
2025-04-17 12:51:15,Tomat Masih Segar,0.7565
2025-04-17 12:51:16,Tomat Masih Segar,0.7374
2025-04-17 12:51:16,Tomat Masih Segar,0.7316
2025-04-17 12:51:16,Tomat Masih Segar,0.6574
2025-04-17 12:51:17,Tomat Masih Segar,0.7763
2025-04-17 12:51:17,Tomat Masih Segar,0.5151
2025-04-17 12:51:18,Tomat Masih Segar,0.4324
2025-04-17 12:51:18,Tomat Masih Segar,0.7615
2025-04-17 12:51:18,Tomat Masih Segar,0.6981
2025-04-17 12:51:19,Tomat Masih Segar,0.5017
2025-04-17 12:51:19,Tomat Masih Segar,0.9262
2025-04-17 12:51:19,Tomat Masih Segar,0.5932
2025-04-17 12:51:20,Tomat Masih Segar,0.4177
2025-04-17 12:51:20,Tomat Masih Segar,0.6708
2025-04-17 12:51:21,Tomat Masih Segar,0.8268
2025-04-17 12:51:21,Tomat Masih Segar,0.3287
2025-04-17 12:51:21,Tomat Masih Segar,0.7020
2025-04-17 12:51:23,Tomat Masih Segar,0.6108
2025-04-17 12:51:25,Tomat Masih Segar,0.8511
2025-04-17 12:51:27,Tomat Masih Segar,0.8529
2025-04-17 12:51:28,Tomat Masih Segar,0.7964
2025-04-17 12:51:29,Tomat Masih Segar,0.8432
2025-04-17 12:51:30,Tomat Masih Segar,0.9045
2025-04-17 12:51:31,Tomat Masih Segar,0.8134
2025-04-17 12:51:31,Tomat Masih Segar,0.9158
2025-04-17 12:51:31,Tomat Masih Segar,0.6866
2025-04-17 12:51:32,Tomat Masih Segar,0.7900
2025-04-17 12:51:32,Tomat Masih Segar,0.7772
2025-04-17 12:51:33,Tomat Masih Segar,0.5605
2025-04-17 12:51:33,Tomat Masih Segar,0.7958
2025-04-17 12:51:34,Tomat Masih Segar,0.9292
2025-04-17 12:51:34,Tomat Sudah Membusuk,0.9496
2025-04-17 12:51:34,Tomat Masih Segar,0.8725
2025-04-17 12:51:35,Tomat Sudah Membusuk,0.9600
2025-04-17 12:51:35,Tomat Masih Segar,0.6802
2025-04-17 12:51:35,Tomat Masih Segar,0.8909
2025-04-17 12:51:36,Tomat Masih Segar,0.8717
2025-04-17 12:51:36,Tomat Masih Segar,0.7647
2025-04-17 12:51:36,Tomat Masih Segar,0.8585
2025-04-17 12:51:36,Tomat Masih Segar,0.6496
2025-04-17 12:51:37,Tomat Masih Segar,0.6982
2025-04-17 12:51:37,Tomat Masih Segar,0.4728
2025-04-17 12:51:38,Tomat Masih Segar,0.6640
2025-04-17 12:51:38,Tomat Masih Segar,0.9012
2025-04-17 12:51:38,Tomat Masih Segar,0.6666
2025-04-17 12:51:39,Tomat Masih Segar,0.7716
2025-04-17 12:51:39,Tomat Masih Segar,0.3997
2025-04-17 12:51:40,Tomat Masih Segar,0.6132
2025-04-17 12:51:40,Tomat Masih Segar,0.6980
2025-04-17 12:51:40,Tomat Masih Segar,0.7146
2025-04-17 12:51:40,Tomat Masih Segar,0.7791
2025-04-17 12:51:41,Tomat Masih Segar,0.6842
2025-04-17 12:51:41,Tomat Masih Segar,0.6708
2025-04-17 12:51:41,Tomat Masih Segar,0.7497
2025-04-17 12:51:41,Tomat Masih Segar,0.7885
2025-04-17 12:51:42,Tomat Masih Segar,0.7432
2025-04-17 12:51:42,Tomat Masih Segar,0.9149
2025-04-17 12:51:42,Tomat Masih Segar,0.7814
2025-04-17 12:51:43,Tomat Masih Segar,0.7613
2025-04-17 12:51:43,Tomat Masih Segar,0.7407
2025-04-17 12:51:43,Tomat Masih Segar,0.8490
2025-04-17 12:51:44,Tomat Masih Segar,0.8745
2025-04-17 12:51:44,Tomat Masih Segar,0.8071
2025-04-17 12:51:44,Tomat Masih Segar,0.8071
2025-04-17 12:51:44,Tomat Masih Segar,0.7798
2025-04-17 12:51:45,Tomat Masih Segar,0.6365
2025-04-17 12:51:45,Tomat Masih Segar,0.8219
2025-04-17 12:51:45,Tomat Masih Segar,0.8761
2025-04-17 12:51:46,Tomat Masih Segar,0.8262
2025-04-17 12:51:46,Tomat Masih Segar,0.9091
2025-04-17 12:51:46,Tomat Masih Segar,0.7769
2025-04-17 12:51:47,Tomat Masih Segar,0.7788
2025-04-17 12:51:47,Tomat Masih Segar,0.6201
2025-04-17 12:51:47,Tomat Masih Segar,0.7904
2025-04-17 12:51:48,Tomat Masih Segar,0.8198
2025-04-17 12:51:48,Tomat Masih Segar,0.8142
2025-04-17 12:51:48,Tomat Masih Segar,0.4286
2025-04-17 12:51:49,Tomat Masih Segar,0.8093
2025-04-17 12:51:49,Tomat Masih Segar,0.8492
2025-04-17 12:51:49,Tomat Masih Segar,0.7890
2025-04-17 12:51:50,Tomat Masih Segar,0.6377
2025-04-17 12:51:50,Tomat Masih Segar,0.8806
2025-04-17 12:51:50,Tomat Masih Segar,0.7945
2025-04-17 12:51:51,Tomat Masih Segar,0.8068
2025-04-17 12:51:51,Tomat Masih Segar,0.8171
2025-04-17 12:51:51,Tomat Masih Segar,0.8196
2025-04-17 12:51:52,Tomat Masih Segar,0.7801
2025-04-17 12:51:52,Tomat Masih Segar,0.8210
2025-04-17 12:51:52,Tomat Masih Segar,0.7514
2025-04-17 12:51:52,Tomat Masih Segar,0.9032
2025-04-17 12:51:53,Tomat Masih Segar,0.8688
2025-04-17 12:51:53,Tomat Masih Segar,0.9396
2025-04-17 12:51:53,Tomat Masih Segar,0.9179
2025-04-17 12:51:54,Tomat Masih Segar,0.8475
2025-04-17 12:51:54,Tomat Masih Segar,0.9323
2025-04-17 12:51:54,Tomat Masih Segar,0.9369
2025-04-17 12:51:55,Tomat Sudah Membusuk,0.9428
2025-04-17 12:51:55,Tomat Masih Segar,0.8827
2025-04-17 12:51:55,Tomat Masih Segar,0.7955
2025-04-17 12:51:56,Tomat Masih Segar,0.7755
2025-04-17 12:51:56,Tomat Masih Segar,0.6072
2025-04-17 12:51:56,Tomat Masih Segar,0.8452
2025-04-17 12:51:57,Tomat Masih Segar,0.9302
2025-04-17 12:51:57,Tomat Masih Segar,0.8804
2025-04-17 12:51:57,Tomat Masih Segar,0.7779
2025-04-17 12:51:58,Tomat Masih Segar,0.5468
2025-04-17 12:51:58,Tomat Masih Segar,0.5894
2025-04-17 12:51:58,Tomat Masih Segar,0.4636
2025-04-17 12:51:58,Tomat Masih Segar,0.2524
2025-04-17 12:51:59,Tomat Masih Segar,0.6400
2025-04-17 12:51:59,Tomat Masih Segar,0.6382
2025-04-17 12:51:59,Tomat Masih Segar,0.4229
2025-04-17 12:52:00,Tomat Masih Segar,0.7135
2025-04-17 12:52:00,Tomat Masih Segar,0.2067
2025-04-17 12:52:00,Tomat Masih Segar,0.7109
2025-04-17 12:52:01,Tomat Masih Segar,0.4284
2025-04-17 12:52:01,Tomat Masih Segar,0.5377
2025-04-17 12:52:02,Tomat Masih Segar,0.5733
2025-04-17 12:52:02,Tomat Masih Segar,0.5624
2025-04-17 12:52:02,Tomat Masih Segar,0.4881
2025-04-17 12:52:02,Tomat Masih Segar,0.5225
2025-04-17 12:52:03,Tomat Masih Segar,0.3435
2025-04-17 12:52:03,Tomat Masih Segar,0.6060
2025-04-17 12:52:03,Tomat Masih Segar,0.6271
2025-04-17 12:52:03,Tomat Masih Segar,0.5631
2025-04-17 12:52:04,Tomat Masih Segar,0.7067
2025-04-17 12:52:04,Tomat Masih Segar,0.5448
2025-04-17 12:52:04,Tomat Masih Segar,0.6183
2025-04-17 12:52:05,Tomat Masih Segar,0.6714
2025-04-17 12:52:05,Tomat Masih Segar,0.6366
2025-04-17 12:52:06,Tomat Masih Segar,0.6072
2025-04-17 12:52:06,Tomat Masih Segar,0.7581
2025-04-17 12:52:06,Tomat Masih Segar,0.6457
2025-04-17 12:52:06,Tomat Masih Segar,0.7212
2025-04-17 12:52:07,Tomat Masih Segar,0.7970
2025-04-17 12:52:10,Tomat Masih Segar,0.9397
2025-04-17 12:52:10,Tomat Masih Segar,0.9169
2025-04-17 12:52:11,Tomat Masih Segar,0.8960
2025-04-17 12:52:11,Tomat Masih Segar,0.8896
2025-04-17 12:52:11,Tomat Masih Segar,0.9150
2025-04-17 12:52:12,Tomat Masih Segar,0.7705
2025-04-17 12:52:12,Tomat Masih Segar,0.8327
2025-04-17 12:52:12,Tomat Masih Segar,0.9171
2025-04-17 12:52:12,Tomat Masih Segar,0.8923
2025-04-17 12:52:13,Tomat Masih Segar,0.8330
2025-04-17 12:52:13,Tomat Masih Segar,0.8675
2025-04-17 12:52:14,Tomat Masih Segar,0.8320
2025-04-17 12:52:14,Tomat Masih Segar,0.8152
2025-04-17 12:52:14,Tomat Masih Segar,0.8349
2025-04-17 12:52:14,Tomat Masih Segar,0.7519
2025-04-17 12:52:14,Tomat Masih Segar,0.8469
2025-04-17 12:52:15,Tomat Masih Segar,0.7224
2025-04-17 12:52:15,Tomat Masih Segar,0.9084
2025-04-17 12:52:15,Tomat Masih Segar,0.8382
2025-04-17 12:52:16,Tomat Masih Segar,0.8848
2025-04-17 12:52:16,Tomat Masih Segar,0.8570
2025-04-17 12:52:16,Tomat Masih Segar,0.7210
2025-04-17 12:52:16,Tomat Masih Segar,0.8148
2025-04-17 12:52:17,Tomat Masih Segar,0.9306
2025-04-17 12:52:17,Tomat Masih Segar,0.8850
2025-04-17 12:52:17,Tomat Masih Segar,0.6349
2025-04-17 12:52:18,Tomat Masih Segar,0.8235
2025-04-17 12:52:18,Tomat Masih Segar,0.7727
2025-04-17 12:52:18,Tomat Masih Segar,0.9093
2025-04-17 12:52:18,Tomat Masih Segar,0.7718
2025-04-17 12:52:19,Tomat Masih Segar,0.8392
2025-04-17 12:52:20,Tomat Masih Segar,0.7326
2025-04-17 12:52:20,Tomat Masih Segar,0.8209
2025-04-17 12:52:20,Tomat Masih Segar,0.8931
2025-04-17 12:52:21,Tomat Masih Segar,0.9012
2025-04-17 12:52:21,Tomat Masih Segar,0.8370
2025-04-17 12:52:21,Tomat Masih Segar,0.9183
2025-04-17 12:52:22,Tomat Masih Segar,0.4243
2025-04-17 12:52:22,Tomat Masih Segar,0.8714
2025-04-17 12:52:22,Tomat Masih Segar,0.6870
2025-04-17 12:52:22,Tomat Masih Segar,0.8008
2025-04-17 12:52:23,Tomat Masih Segar,0.9029
2025-04-17 12:52:23,Tomat Sudah Membusuk,0.9442
2025-04-17 12:52:23,Tomat Sudah Membusuk,0.9427
2025-04-17 12:52:24,Tomat Masih Segar,0.9022
2025-04-17 12:52:24,Tomat Masih Segar,0.8754
2025-04-17 12:52:24,Tomat Masih Segar,0.9095
2025-04-17 12:52:24,Tomat Masih Segar,0.9207
2025-04-17 12:52:24,Tomat Masih Segar,0.9104
2025-04-17 12:52:25,Tomat Masih Segar,0.8937
2025-04-17 12:52:25,Tomat Sudah Membusuk,0.9474
2025-04-17 12:52:25,Tomat Masih Segar,0.8758
2025-04-17 12:52:26,Tomat Masih Segar,0.8454
2025-04-17 12:52:26,Tomat Masih Segar,0.8428
2025-04-17 12:52:27,Tomat Masih Segar,0.7870
2025-04-17 12:52:27,Tomat Masih Segar,0.8069
2025-04-17 12:52:27,Tomat Sudah Membusuk,0.9727
2025-04-17 12:52:28,Tomat Masih Segar,0.9320
2025-04-17 12:52:28,Tomat Sudah Membusuk,0.9795
2025-04-17 12:52:28,Tomat Masih Segar,0.9120
2025-04-17 12:52:28,Tomat Sudah Membusuk,0.9598
2025-04-17 12:52:29,Tomat Sudah Membusuk,0.9736
2025-04-17 12:52:29,Tomat Masih Segar,0.8840
2025-04-17 12:52:29,Tomat Masih Segar,0.8158
2025-04-17 12:52:29,Tomat Masih Segar,0.7792
2025-04-17 12:52:30,Tomat Masih Segar,0.7833
2025-04-17 12:52:30,Tomat Masih Segar,0.8126
2025-04-17 12:52:30,Tomat Masih Segar,0.7241
2025-04-17 12:52:30,Tomat Masih Segar,0.6736
2025-04-17 12:52:31,Tomat Masih Segar,0.8685
2025-04-17 12:52:31,Tomat Masih Segar,0.8740
2025-04-17 12:52:31,Tomat Masih Segar,0.8346
2025-04-17 12:52:32,Tomat Masih Segar,0.8476
2025-04-17 12:52:32,Tomat Masih Segar,0.8829
2025-04-17 12:52:32,Tomat Masih Segar,0.8939
2025-04-17 12:52:33,Tomat Masih Segar,0.7677
2025-04-17 12:52:33,Tomat Masih Segar,0.8350
2025-04-17 12:52:33,Tomat Masih Segar,0.6846
2025-04-17 12:52:33,Tomat Masih Segar,0.6403
2025-04-17 12:52:34,Tomat Masih Segar,0.7650
2025-04-17 12:52:34,Tomat Masih Segar,0.7135
2025-04-17 12:52:35,Tomat Masih Segar,0.8191
2025-04-17 12:52:35,Tomat Masih Segar,0.4669
2025-04-17 12:52:35,Tomat Masih Segar,0.6976
2025-04-17 12:52:35,Tomat Masih Segar,0.5576
2025-04-17 12:52:36,Tomat Masih Segar,0.7857
2025-04-17 12:52:36,Tomat Masih Segar,0.7148
2025-04-17 12:52:36,Tomat Masih Segar,0.3006
2025-04-17 12:52:37,Tomat Masih Segar,0.7533
2025-04-17 12:52:37,Tomat Masih Segar,0.8106
2025-04-17 12:52:37,Tomat Masih Segar,0.9187
2025-04-17 12:52:37,Tomat Masih Segar,0.9262
2025-04-17 12:52:38,Tomat Masih Segar,0.9257
2025-04-17 12:52:38,Tomat Masih Segar,0.6747
2025-04-17 12:52:38,Tomat Masih Segar,0.7694
2025-04-17 12:52:39,Tomat Masih Segar,0.8280
2025-04-17 12:52:39,Tomat Masih Segar,0.8641
2025-04-17 12:52:39,Tomat Masih Segar,0.8470
2025-04-17 12:52:40,Tomat Masih Segar,0.6433
2025-04-17 12:52:40,Tomat Masih Segar,0.9226
2025-04-17 12:52:40,Tomat Masih Segar,0.8273
2025-04-17 12:52:41,Tomat Masih Segar,0.5234
2025-04-17 12:52:41,Tomat Masih Segar,0.5547
2025-04-17 12:52:41,Tomat Masih Segar,0.6003
2025-04-17 12:52:41,Tomat Masih Segar,0.7739
2025-04-17 12:52:42,Tomat Masih Segar,0.6895
2025-04-17 12:52:42,Tomat Masih Segar,0.7327
2025-04-17 12:52:42,Tomat Masih Segar,0.8200
2025-04-17 12:52:43,Tomat Masih Segar,0.9051
2025-04-17 12:52:43,Tomat Masih Segar,0.7834
2025-04-17 12:52:43,Tomat Masih Segar,0.8134
2025-04-17 12:52:43,Tomat Masih Segar,0.8572
2025-04-17 12:52:44,Tomat Masih Segar,0.7490
2025-04-17 12:52:44,Tomat Masih Segar,0.7521
2025-04-17 12:52:44,Tomat Masih Segar,0.8288
2025-04-17 12:52:44,Tomat Masih Segar,0.7815
2025-04-17 12:52:45,Tomat Masih Segar,0.8320
2025-04-17 12:52:45,Tomat Masih Segar,0.5198
2025-04-17 12:52:45,Tomat Masih Segar,0.8263
2025-04-17 12:52:46,Tomat Masih Segar,0.9363
2025-04-17 12:52:46,Tomat Sudah Membusuk,0.9435
2025-04-17 12:52:46,Tomat Masih Segar,0.4595
2025-04-17 12:52:47,Tomat Masih Segar,0.6849
2025-04-17 12:52:47,Tomat Masih Segar,0.5612
2025-04-17 12:52:48,Tomat Masih Segar,0.7381
2025-04-17 12:52:48,Tomat Masih Segar,0.7760
2025-04-17 12:52:48,Tomat Masih Segar,0.6575
2025-04-17 12:52:49,Tomat Masih Segar,0.8147
2025-04-17 12:52:49,Tomat Masih Segar,0.7859
2025-04-17 12:52:49,Tomat Masih Segar,0.7915
2025-04-17 12:52:50,Tomat Masih Segar,0.7383
2025-04-17 12:52:50,Tomat Masih Segar,0.8359
2025-04-17 12:52:50,Tomat Masih Segar,0.7969
2025-04-17 12:52:50,Tomat Masih Segar,0.8297
2025-04-17 12:52:51,Tomat Masih Segar,0.6689
2025-04-17 12:52:51,Tomat Masih Segar,0.8059
2025-04-17 12:52:51,Tomat Masih Segar,0.7822
2025-04-17 12:52:52,Tomat Masih Segar,0.7814
2025-04-17 12:52:52,Tomat Masih Segar,0.7669
2025-04-17 12:52:52,Tomat Masih Segar,0.7563
2025-04-17 12:52:52,Tomat Masih Segar,0.7330
2025-04-17 12:52:53,Tomat Masih Segar,0.7542
2025-04-17 12:52:53,Tomat Masih Segar,0.7259
2025-04-17 12:52:53,Tomat Masih Segar,0.7608
2025-04-17 12:52:53,Tomat Masih Segar,0.7343
2025-04-17 12:52:54,Tomat Masih Segar,0.7726
2025-04-17 12:52:54,Tomat Masih Segar,0.6352
2025-04-17 12:52:54,Tomat Masih Segar,0.7914
2025-04-17 12:52:55,Tomat Masih Segar,0.8365
2025-04-17 12:52:55,Tomat Masih Segar,0.8022
2025-04-17 12:52:55,Tomat Masih Segar,0.8353
2025-04-17 12:52:55,Tomat Masih Segar,0.7849
2025-04-17 12:52:56,Tomat Masih Segar,0.7499
2025-04-17 12:52:56,Tomat Masih Segar,0.7595
2025-04-17 12:52:56,Tomat Masih Segar,0.7803
2025-04-17 12:52:56,Tomat Masih Segar,0.8738
2025-04-17 12:52:57,Tomat Masih Segar,0.8045
2025-04-17 12:52:57,Tomat Masih Segar,0.7234
2025-04-17 12:52:57,Tomat Masih Segar,0.8153
2025-04-17 12:52:58,Tomat Masih Segar,0.5523
2025-04-17 12:52:58,Tomat Masih Segar,0.7449
2025-04-17 12:52:58,Tomat Masih Segar,0.7837
2025-04-17 12:52:58,Tomat Masih Segar,0.8124
2025-04-17 12:52:59,Tomat Masih Segar,0.8366
2025-04-17 12:52:59,Tomat Masih Segar,0.7582
2025-04-17 12:52:59,Tomat Masih Segar,0.7421
2025-04-17 12:53:00,Tomat Masih Segar,0.8088
2025-04-17 12:53:00,Tomat Masih Segar,0.7653
2025-04-17 12:53:00,Tomat Masih Segar,0.8419
2025-04-17 12:53:00,Tomat Masih Segar,0.8205
2025-04-17 12:53:01,Tomat Masih Segar,0.8742
2025-04-17 12:53:01,Tomat Masih Segar,0.8788
2025-04-17 12:53:01,Tomat Masih Segar,0.8165
2025-04-17 12:53:02,Tomat Masih Segar,0.8507
2025-04-17 12:53:02,Tomat Masih Segar,0.7621
2025-04-17 12:53:02,Tomat Masih Segar,0.8185
2025-04-17 12:53:03,Tomat Masih Segar,0.9021
2025-04-17 12:53:03,Tomat Masih Segar,0.6269
2025-04-17 12:53:03,Tomat Masih Segar,0.8543
2025-04-17 12:53:03,Tomat Masih Segar,0.9344
2025-04-17 12:53:04,Tomat Masih Segar,0.8700
2025-04-17 12:53:04,Tomat Masih Segar,0.9290
2025-04-17 12:53:04,Tomat Masih Segar,0.8714
2025-04-17 12:53:05,Tomat Masih Segar,0.7991
2025-04-17 12:53:05,Tomat Masih Segar,0.6717
2025-04-17 12:53:05,Tomat Masih Segar,0.8733
2025-04-17 12:53:05,Tomat Masih Segar,0.6622
2025-04-17 12:53:06,Tomat Masih Segar,0.7129
2025-04-17 12:53:06,Tomat Masih Segar,0.6967
2025-04-17 12:53:06,Tomat Masih Segar,0.6177
2025-04-17 12:53:07,Tomat Masih Segar,0.8048
2025-04-17 12:53:07,Tomat Masih Segar,0.7398
2025-04-17 12:53:07,Tomat Masih Segar,0.7733
2025-04-17 12:53:08,Tomat Masih Segar,0.8212
2025-04-17 12:53:08,Tomat Masih Segar,0.8281
2025-04-17 12:53:08,Tomat Masih Segar,0.8276
2025-04-17 12:53:09,Tomat Masih Segar,0.8639
2025-04-17 12:53:09,Tomat Masih Segar,0.8183
2025-04-17 12:53:09,Tomat Sudah Membusuk,0.9509
2025-04-17 12:53:09,Tomat Masih Segar,0.7341
2025-04-17 12:53:10,Tomat Masih Segar,0.6475
2025-04-17 12:53:10,Tomat Masih Segar,0.7967
2025-04-17 12:53:10,Tomat Masih Segar,0.8804
2025-04-17 12:53:11,Tomat Masih Segar,0.8859
2025-04-17 12:53:11,Tomat Masih Segar,0.8497
2025-04-17 12:53:11,Tomat Masih Segar,0.8495
2025-04-17 12:53:12,Tomat Masih Segar,0.9090
2025-04-17 12:53:12,Tomat Masih Segar,0.7917
2025-04-17 12:53:12,Tomat Sudah Membusuk,0.9711
2025-04-17 12:53:12,Tomat Sudah Membusuk,0.9813
2025-04-17 12:53:13,Tomat Masih Segar,0.9215
2025-04-17 12:53:13,Tomat Masih Segar,0.8932
2025-04-17 12:53:13,Tomat Masih Segar,0.9025
2025-04-17 12:53:14,Tomat Masih Segar,0.8712
2025-04-17 12:53:14,Tomat Masih Segar,0.9089
2025-04-17 12:53:14,Tomat Masih Segar,0.8890
2025-04-17 12:53:15,Tomat Sudah Membusuk,0.9564
2025-04-17 12:53:15,Tomat Masih Segar,0.8734
2025-04-17 12:53:15,Tomat Sudah Membusuk,0.9523
2025-04-17 12:53:16,Tomat Sudah Membusuk,0.9542
2025-04-17 12:53:16,Tomat Sudah Membusuk,0.9821
2025-04-17 12:53:16,Tomat Masih Segar,0.8961
2025-04-17 12:53:16,Tomat Sudah Membusuk,0.9547
2025-04-17 12:53:17,Tomat Masih Segar,0.8686
2025-04-17 12:53:17,Tomat Masih Segar,0.9312
2025-04-17 12:53:17,Tomat Masih Segar,0.8289
2025-04-17 12:53:18,Tomat Masih Segar,0.9329
2025-04-17 12:53:18,Tomat Masih Segar,0.7486
2025-04-17 12:53:18,Tomat Masih Segar,0.7582
2025-04-17 12:53:18,Tomat Masih Segar,0.8851
2025-04-17 12:53:19,Tomat Masih Segar,0.7619
2025-04-17 12:53:19,Tomat Masih Segar,0.7546
2025-04-17 12:53:19,Tomat Masih Segar,0.8402
2025-04-17 12:53:20,Tomat Masih Segar,0.8266
2025-04-17 12:53:20,Tomat Masih Segar,0.8608
2025-04-17 12:53:20,Tomat Sudah Membusuk,0.9446
2025-04-17 12:53:21,Tomat Masih Segar,0.8442
2025-04-17 12:53:21,Tomat Masih Segar,0.7903
2025-04-17 12:53:21,Tomat Masih Segar,0.7268
2025-04-17 12:53:22,Tomat Masih Segar,0.7104
2025-04-17 12:53:22,Tomat Masih Segar,0.7202
2025-04-17 12:53:22,Tomat Masih Segar,0.4950
2025-04-17 12:53:23,Tomat Masih Segar,0.5208
2025-04-17 12:53:23,Tomat Masih Segar,0.2886
2025-04-17 12:53:23,Tomat Masih Segar,0.3912
2025-04-17 12:53:24,Tomat Masih Segar,0.9034
2025-04-17 12:53:24,Tomat Masih Segar,0.8792
2025-04-17 12:53:24,Tomat Sudah Membusuk,0.9870
2025-04-17 12:53:24,Tomat Sudah Membusuk,0.9881
2025-04-17 12:53:25,Tomat Sudah Membusuk,0.9464
2025-04-17 12:53:25,Tomat Sudah Membusuk,0.9952
2025-04-17 12:53:25,Tomat Sudah Membusuk,0.9880
2025-04-17 12:53:26,Tomat Sudah Membusuk,0.9850
2025-04-17 12:53:26,Tomat Sudah Membusuk,0.9885
2025-04-17 12:53:27,Tomat Sudah Membusuk,0.9767
2025-04-17 12:53:27,Tomat Sudah Membusuk,0.9524
2025-04-17 12:53:27,Tomat Masih Segar,0.8644
2025-04-17 12:53:28,Tomat Masih Segar,0.6284
2025-04-17 12:53:28,Tomat Masih Segar,0.4890
2025-04-17 12:53:28,Tomat Masih Segar,0.5002
2025-04-17 12:53:29,Tomat Masih Segar,0.4825
2025-04-17 12:53:29,Tomat Sudah Membusuk,0.9740
2025-04-17 12:53:29,Tomat Masih Segar,0.9328
2025-04-17 12:53:30,Tomat Masih Segar,0.9360
2025-04-17 12:53:30,Tomat Masih Segar,0.8857
2025-04-17 12:53:30,Tomat Sudah Membusuk,0.9794
2025-04-17 12:53:31,Tomat Masih Segar,0.9372
2025-04-17 12:53:31,Tomat Sudah Membusuk,0.9619
2025-04-17 12:53:31,Tomat Masih Segar,0.9396
2025-04-17 12:53:32,Tomat Sudah Membusuk,0.9425
2025-04-17 12:53:32,Tomat Sudah Membusuk,0.9448
2025-04-17 12:53:32,Tomat Sudah Membusuk,0.9828
2025-04-17 12:53:33,Tomat Sudah Membusuk,0.9878
2025-04-17 12:53:33,Tomat Sudah Membusuk,0.9882
2025-04-17 12:53:33,Tomat Masih Segar,0.9169
2025-04-17 12:53:34,Tomat Masih Segar,0.9270
2025-04-17 12:53:34,Tomat Sudah Membusuk,0.9660
2025-04-17 12:53:34,Tomat Sudah Membusuk,0.9662
2025-04-17 12:53:35,Tomat Sudah Membusuk,0.9772
2025-04-17 12:53:35,Tomat Sudah Membusuk,0.9599
2025-04-17 12:53:35,Tomat Masih Segar,0.7939
2025-04-17 12:53:35,Tomat Sudah Membusuk,0.9701
2025-04-17 12:53:36,Tomat Sudah Membusuk,0.9531
2025-04-17 12:53:36,Tomat Sudah Membusuk,0.9723
2025-04-17 12:53:36,Tomat Sudah Membusuk,0.9720
2025-04-17 12:53:37,Tomat Masih Segar,0.8895
2025-04-17 12:53:37,Tomat Sudah Membusuk,0.9843
2025-04-17 12:53:37,Tomat Masih Segar,0.8347
2025-04-17 12:53:38,Tomat Masih Segar,0.8860
2025-04-17 12:53:38,Tomat Masih Segar,0.9380
2025-04-17 12:53:38,Tomat Masih Segar,0.8658
2025-04-17 12:53:38,Tomat Masih Segar,0.7994
2025-04-17 12:53:39,Tomat Masih Segar,0.3757
2025-04-17 12:53:39,Tomat Masih Segar,0.7305
2025-04-17 12:53:39,Tomat Masih Segar,0.9393
2025-04-17 12:53:39,Tomat Masih Segar,0.6719
2025-04-17 12:53:40,Tomat Masih Segar,0.9358
2025-04-17 12:53:40,Tomat Masih Segar,0.9371
2025-04-17 12:53:40,Tomat Sudah Membusuk,0.9410
2025-04-17 12:53:41,Tomat Masih Segar,0.9161
2025-04-17 12:53:41,Tomat Masih Segar,0.7974
2025-04-17 12:53:41,Tomat Masih Segar,0.6531
2025-04-17 12:53:42,Tomat Masih Segar,0.3670
2025-04-17 12:53:42,Tomat Masih Segar,0.5986
2025-04-17 12:53:42,Tomat Masih Segar,0.6028
2025-04-17 12:53:43,Tomat Masih Segar,0.5837
2025-04-17 12:53:43,Tomat Masih Segar,0.6560
2025-04-17 12:53:43,Tomat Masih Segar,0.7179
2025-04-17 12:53:43,Tomat Masih Segar,0.8491
2025-04-17 12:53:44,Tomat Masih Segar,0.7628
2025-04-17 12:53:44,Tomat Masih Segar,0.5589
2025-04-17 12:53:44,Tomat Masih Segar,0.6620
2025-04-17 12:53:44,Tomat Masih Segar,0.5249
2025-04-17 12:53:45,Tomat Masih Segar,0.7946
2025-04-17 12:53:45,Tomat Masih Segar,0.9049
2025-04-17 12:53:45,Tomat Masih Segar,0.5391
2025-04-17 12:53:46,Tomat Masih Segar,0.7457
2025-04-17 12:53:46,Tomat Masih Segar,0.5413
2025-04-17 12:53:46,Tomat Masih Segar,0.4629
2025-04-17 12:53:47,Tomat Masih Segar,0.5835
2025-04-17 12:53:47,Tomat Masih Segar,0.9260
2025-04-17 12:53:47,Tomat Masih Segar,0.4938
2025-04-17 12:53:48,Tomat Masih Segar,0.2997
2025-04-17 12:53:48,Tomat Masih Segar,0.4840
2025-04-17 12:53:48,Tomat Masih Segar,0.4533
2025-04-17 12:53:48,Tomat Masih Segar,0.6361
2025-04-17 12:53:49,Tomat Masih Segar,0.4870
2025-04-17 12:53:49,Tomat Masih Segar,0.7474
2025-04-17 12:53:49,Tomat Masih Segar,0.7379
2025-04-17 12:53:49,Tomat Masih Segar,0.8480
2025-04-17 12:53:50,Tomat Masih Segar,0.8526
2025-04-17 12:53:50,Tomat Masih Segar,0.6318
2025-04-17 12:53:50,Tomat Masih Segar,0.7528
2025-04-17 12:53:51,Tomat Masih Segar,0.4730
